name,energy,flux
Fe01,50.150000000000006,3.3333333333333333e-06
Fe01,50.25,6.666666666666667e-06
Fe01,50.35000000000001,1e-05
Fe01,50.45,1.3333333333333333e-05
Fe01,50.55,4e-05
Fe01,50.650000000000006,4e-05
Fe01,50.75,0.00010666666666666667
Fe01,50.85000000000001,0.00024333333333333333
Fe01,50.95,0.00048
Fe01,51.05,0.00091
Fe01,51.150000000000006,0.0016666666666666668
Fe01,51.25,0.0028866666666666667
Fe01,51.35000000000001,0.004416666666666667
Fe01,51.45,0.006836666666666666
Fe01,51.55,0.009946666666666666
Fe01,51.650000000000006,0.01387
Fe01,51.75,0.019413333333333335
Fe01,51.85000000000001,0.025506666666666667
Fe01,51.95,0.0333
Fe01,52.05,0.04139
Fe01,52.150000000000006,0.04941
Fe01,52.25,0.057716666666666666
Fe01,52.35000000000001,0.06380666666666666
Fe01,52.45,0.0687
Fe01,52.55,0.0725
Fe01,52.650000000000006,0.07351666666666666
Fe01,52.75,0.07218666666666666
Fe01,52.85000000000001,0.06823333333333333
Fe01,52.95,0.06224333333333333
Fe01,53.05,0.055156666666666666
Fe01,53.150000000000006,0.04741666666666667
Fe01,53.25,0.0388
Fe01,53.35000000000001,0.03106
Fe01,53.45,0.02373
Fe01,53.55,0.017843333333333333
Fe01,53.650000000000006,0.012343333333333333
Fe01,53.75,0.008603333333333333
Fe01,53.85000000000001,0.00586
Fe01,53.95,0.00379
Fe01,54.05,0.0024766666666666665
Fe01,54.150000000000006,0.00151
Fe01,54.25,0.00086
Fe01,54.35000000000001,0.00056
Fe01,54.45,0.00028333333333333335
Fe01,54.55,0.00014333333333333334
Fe01,54.650000000000006,9e-05
Fe01,54.75,4.3333333333333334e-05
Fe01,54.85000000000001,1.3333333333333333e-05
Fe01,54.95,1e-05
Fe01,55.05,6.666666666666667e-06
Al01Front,50.150000000000006,1e-05
Al01Front,50.25,1e-05
Al01Front,50.35000000000001,3e-05
Al01Front,50.45,2e-05
Al01Front,50.55,8e-05
Al01Front,50.650000000000006,6.333333333333333e-05
Al01Front,50.75,0.0002866666666666667
Al01Front,50.85000000000001,0.00054
Al01Front,50.95,0.0010066666666666666
Al01Front,51.05,0.0018833333333333334
Al01Front,51.150000000000006,0.0033
Al01Front,51.25,0.005313333333333333
Al01Front,51.35000000000001,0.007633333333333333
Al01Front,51.45,0.011313333333333333
Al01Front,51.55,0.015406666666666667
Al01Front,51.650000000000006,0.021916666666666668
Al01Front,51.75,0.029256666666666667
Al01Front,51.85000000000001,0.03676
Al01Front,51.95,0.045586666666666664
Al01Front,52.05,0.05432666666666667
Al01Front,52.150000000000006,0.06118333333333333
Al01Front,52.25,0.06908666666666667
Al01Front,52.35000000000001,0.07129333333333333
Al01Front,52.45,0.07408333333333333
Al01Front,52.55,0.07520666666666667
Al01Front,52.650000000000006,0.07244333333333333
Al01Front,52.75,0.06607666666666667
Al01Front,52.85000000000001,0.05951666666666667
Al01Front,52.95,0.050896666666666666
Al01Front,53.05,0.04293
Al01Front,53.150000000000006,0.034526666666666664
Al01Front,53.25,0.02713
Al01Front,53.35000000000001,0.019636666666666667
Al01Front,53.45,0.013643333333333334
Al01Front,53.55,0.009946666666666666
Al01Front,53.650000000000006,0.00659
Al01Front,53.75,0.004383333333333334
Al01Front,53.85000000000001,0.0027866666666666665
Al01Front,53.95,0.0015
Al01Front,54.05,0.00115
Al01Front,54.150000000000006,0.0006033333333333333
Al01Front,54.25,0.00025333333333333333
Al01Front,54.35000000000001,0.00023
Al01Front,54.45,9.333333333333333e-05
Al01Front,54.55,2e-05
Al01Front,54.650000000000006,2.6666666666666667e-05
Al01Front,54.75,2e-05
Th01,49.95,3.3333333333333333e-06
Th01,50.05,3.3333333333333333e-06
Th01,50.150000000000006,1.6666666666666667e-05
Th01,50.25,2.3333333333333332e-05
Th01,50.35000000000001,3.3333333333333335e-05
Th01,50.45,5.6666666666666664e-05
Th01,50.55,0.00010666666666666667
Th01,50.650000000000006,0.00025333333333333333
Th01,50.75,0.0005966666666666667
Th01,50.85000000000001,0.0009833333333333332
Th01,50.95,0.0019033333333333333
Th01,51.05,0.003266666666666667
Th01,51.150000000000006,0.005023333333333334
Th01,51.25,0.00769
Th01,51.35000000000001,0.01089
Th01,51.45,0.01539
Th01,51.55,0.021306666666666668
Th01,51.650000000000006,0.02831
Th01,51.75,0.03595333333333333
Th01,51.85000000000001,0.04470333333333333
Th01,51.95,0.05297333333333333
Th01,52.05,0.06059
Th01,52.150000000000006,0.06734
Th01,52.25,0.07095666666666667
Th01,52.35000000000001,0.07309
Th01,52.45,0.07498666666666666
Th01,52.55,0.072
Th01,52.650000000000006,0.06622
Th01,52.75,0.06033
Th01,52.85000000000001,0.05239666666666667
Th01,52.95,0.04344
Th01,53.05,0.03578
Th01,53.150000000000006,0.027863333333333334
Th01,53.25,0.020953333333333334
Th01,53.35000000000001,0.01478
Th01,53.45,0.010403333333333334
Th01,53.55,0.007166666666666667
Th01,53.650000000000006,0.00475
Th01,53.75,0.0030166666666666666
Th01,53.85000000000001,0.0018333333333333333
Th01,53.95,0.0011366666666666667
Th01,54.05,0.0007233333333333333
Th01,54.150000000000006,0.0003266666666666667
Th01,54.25,0.00022
Th01,54.35000000000001,0.00012
Th01,54.45,4.3333333333333334e-05
Th01,54.55,2.3333333333333332e-05
Th01,54.650000000000006,1.6666666666666667e-05
Th01,54.75,6.666666666666667e-06
Al01Back,49.95,1e-05
Al01Back,50.05,6.666666666666667e-06
Al01Back,50.150000000000006,3e-05
Al01Back,50.25,2.3333333333333332e-05
Al01Back,50.35000000000001,6.333333333333333e-05
Al01Back,50.45,6.333333333333333e-05
Al01Back,50.55,0.00022333333333333333
Al01Back,50.650000000000006,0.0004966666666666666
Al01Back,50.75,0.0009133333333333334
Al01Back,50.85000000000001,0.00161
Al01Back,50.95,0.003033333333333333
Al01Back,51.05,0.00485
Al01Back,51.150000000000006,0.006973333333333333
Al01Back,51.25,0.01054
Al01Back,51.35000000000001,0.014386666666666667
Al01Back,51.45,0.02031
Al01Back,51.55,0.027496666666666666
Al01Back,51.650000000000006,0.03496333333333333
Al01Back,51.75,0.04305333333333333
Al01Back,51.85000000000001,0.05283
Al01Back,51.95,0.059223333333333336
Al01Back,52.05,0.06776666666666667
Al01Back,52.150000000000006,0.07090666666666667
Al01Back,52.25,0.07297333333333333
Al01Back,52.35000000000001,0.07465333333333334
Al01Back,52.45,0.07437666666666666
Al01Back,52.55,0.06667666666666666
Al01Back,52.650000000000006,0.06073666666666667
Al01Back,52.75,0.05350333333333333
Al01Back,52.85000000000001,0.044816666666666664
Al01Back,52.95,0.03673
Al01Back,53.05,0.028316666666666667
Al01Back,53.150000000000006,0.021623333333333335
Al01Back,53.25,0.0152
Al01Back,53.35000000000001,0.01068
Al01Back,53.45,0.00743
Al01Back,53.55,0.00482
Al01Back,53.650000000000006,0.003193333333333333
Al01Back,53.75,0.00178
Al01Back,53.85000000000001,0.0012
Al01Back,53.95,0.00079
Al01Back,54.05,0.0002666666666666667
Al01Back,54.150000000000006,0.00025666666666666665
Al01Back,54.25,0.00012333333333333334
Al01Back,54.35000000000001,2.6666666666666667e-05
Al01Back,54.45,3e-05
Al01Back,54.55,2e-05
Al01Back,54.650000000000006,3.3333333333333333e-06
Cu01,49.650000000000006,3.3333333333333333e-06
Cu01,49.75,6.666666666666667e-06
Cu01,49.85000000000001,1e-05
Cu01,49.95,1.3333333333333333e-05
Cu01,50.05,4e-05
Cu01,50.150000000000006,4e-05
Cu01,50.25,0.00012666666666666666
Cu01,50.35000000000001,0.00024333333333333333
Cu01,50.45,0.00049
Cu01,50.55,0.0009066666666666666
Cu01,50.650000000000006,0.0016466666666666667
Cu01,50.75,0.002873333333333333
Cu01,50.85000000000001,0.00435
Cu01,50.95,0.00674
Cu01,51.05,0.00968
Cu01,51.150000000000006,0.01367
Cu01,51.25,0.018946666666666667
Cu01,51.35000000000001,0.025043333333333334
Cu01,51.45,0.03238
Cu01,51.55,0.04036666666666667
Cu01,51.650000000000006,0.04815
Cu01,51.75,0.05628333333333333
Cu01,51.85000000000001,0.06273666666666666
Cu01,51.95,0.06768333333333333
Cu01,52.05,0.07176333333333333
Cu01,52.150000000000006,0.07280333333333333
Cu01,52.25,0.07156666666666667
Cu01,52.35000000000001,0.06824666666666666
Cu01,52.45,0.06318
Cu01,52.55,0.05572
Cu01,52.650000000000006,0.04821
Cu01,52.75,0.04012333333333333
Cu01,52.85000000000001,0.03210333333333333
Cu01,52.95,0.025243333333333333
Cu01,53.05,0.018626666666666666
Cu01,53.150000000000006,0.013236666666666667
Cu01,53.25,0.009373333333333332
Cu01,53.35000000000001,0.00649
Cu01,53.45,0.004113333333333333
Cu01,53.55,0.0027333333333333333
Cu01,53.650000000000006,0.00171
Cu01,53.75,0.00099
Cu01,53.85000000000001,0.0006066666666666667
Cu01,53.95,0.0003733333333333333
Cu01,54.05,0.00014333333333333334
Cu01,54.150000000000006,0.00012666666666666666
Cu01,54.25,5e-05
Cu01,54.35000000000001,1.3333333333333333e-05
Cu01,54.45,1.6666666666666667e-05
Cu01,54.55,6.666666666666667e-06
Al01_Degrader,42.25,7.692307692307693e-07
Al01_Degrader,42.35000000000001,0.0
Al01_Degrader,42.45,7.692307692307693e-07
Al01_Degrader,42.55,2.3076923076923077e-06
Al01_Degrader,42.650000000000006,1.5384615384615385e-06
Al01_Degrader,42.75,5.384615384615385e-06
Al01_Degrader,42.85000000000001,3.846153846153846e-06
Al01_Degrader,42.95,1.2307692307692308e-05
Al01_Degrader,43.05,3.230769230769231e-05
Al01_Degrader,43.150000000000006,4.538461538461539e-05
Al01_Degrader,43.25,7.923076923076924e-05
Al01_Degrader,43.35000000000001,0.00015384615384615385
Al01_Degrader,43.45,0.00022846153846153847
Al01_Degrader,43.55,0.00036076923076923075
Al01_Degrader,43.650000000000006,0.0005061538461538462
Al01_Degrader,43.75,0.0007284615384615385
Al01_Degrader,43.85000000000001,0.0009669230769230769
Al01_Degrader,43.95,0.0013676923076923076
Al01_Degrader,44.05,0.0018392307692307692
Al01_Degrader,44.150000000000006,0.0024346153846153845
Al01_Degrader,44.25,0.0029815384615384617
Al01_Degrader,44.35000000000001,0.0037207692307692306
Al01_Degrader,44.45,0.004556153846153846
Al01_Degrader,44.55,0.005258461538461538
Al01_Degrader,44.650000000000006,0.006258461538461538
Al01_Degrader,44.75,0.007073076923076923
Al01_Degrader,44.85000000000001,0.0077646153846153846
Al01_Degrader,44.95,0.008608461538461539
Al01_Degrader,45.05,0.009617692307692308
Al01_Degrader,45.150000000000006,0.010044615384615384
Al01_Degrader,45.25,0.010591538461538461
Al01_Degrader,45.35000000000001,0.011094615384615385
Al01_Degrader,45.45,0.011396923076923077
Al01_Degrader,45.55,0.011705384615384616
Al01_Degrader,45.650000000000006,0.012164615384615385
Al01_Degrader,45.75,0.012194615384615385
Al01_Degrader,45.85000000000001,0.012316923076923078
Al01_Degrader,45.95,0.012426153846153845
Al01_Degrader,46.05,0.012393846153846155
Al01_Degrader,46.150000000000006,0.012515384615384616
Al01_Degrader,46.25,0.012672307692307693
Al01_Degrader,46.35000000000001,0.012732307692307692
Al01_Degrader,46.45,0.012593076923076924
Al01_Degrader,46.55,0.01268
Al01_Degrader,46.650000000000006,0.012653846153846154
Al01_Degrader,46.75,0.012678461538461538
Al01_Degrader,46.85000000000001,0.012820769230769231
Al01_Degrader,46.95,0.012872307692307692
Al01_Degrader,47.05,0.012756153846153846
Al01_Degrader,47.150000000000006,0.0128
Al01_Degrader,47.25,0.012787692307692307
Al01_Degrader,47.35000000000001,0.012813846153846153
Al01_Degrader,47.45,0.012971538461538461
Al01_Degrader,47.55,0.012975384615384616
Al01_Degrader,47.650000000000006,0.012886923076923077
Al01_Degrader,47.75,0.012951538461538462
Al01_Degrader,47.85000000000001,0.012900769230769231
Al01_Degrader,47.95,0.012933076923076924
Al01_Degrader,48.05,0.013093076923076923
Al01_Degrader,48.150000000000006,0.013104615384615385
Al01_Degrader,48.25,0.01299923076923077
Al01_Degrader,48.35000000000001,0.013095384615384615
Al01_Degrader,48.45,0.012997692307692307
Al01_Degrader,48.55,0.013076923076923076
Al01_Degrader,48.650000000000006,0.013293076923076923
Al01_Degrader,48.75,0.013162307692307692
Al01_Degrader,48.85000000000001,0.013224615384615385
Al01_Degrader,48.95,0.013162307692307692
Al01_Degrader,49.05,0.013066153846153845
Al01_Degrader,49.150000000000006,0.013218461538461538
Al01_Degrader,49.25,0.01347923076923077
Al01_Degrader,49.35000000000001,0.013159230769230769
Al01_Degrader,49.45,0.013432307692307693
Al01_Degrader,49.55,0.013358461538461538
Al01_Degrader,49.650000000000006,0.013122307692307692
Al01_Degrader,49.75,0.013402307692307693
Al01_Degrader,49.85000000000001,0.013603076923076923
Al01_Degrader,49.95,0.013286153846153847
Al01_Degrader,50.05,0.01352076923076923
Al01_Degrader,50.150000000000006,0.013485384615384616
Al01_Degrader,50.25,0.013256923076923078
Al01_Degrader,50.35000000000001,0.01361076923076923
Al01_Degrader,50.45,0.013607692307692308
Al01_Degrader,50.55,0.013497692307692308
Al01_Degrader,50.650000000000006,0.01358
Al01_Degrader,50.75,0.01348076923076923
Al01_Degrader,50.85000000000001,0.013521538461538462
Al01_Degrader,50.95,0.01372
Al01_Degrader,51.05,0.013540769230769231
Al01_Degrader,51.150000000000006,0.013554615384615385
Al01_Degrader,51.25,0.013395384615384615
Al01_Degrader,51.35000000000001,0.013003076923076923
Al01_Degrader,51.45,0.013069230769230769
Al01_Degrader,51.55,0.012917692307692307
Al01_Degrader,51.650000000000006,0.012233076923076923
Al01_Degrader,51.75,0.011812307692307693
Al01_Degrader,51.85000000000001,0.010976923076923077
Al01_Degrader,51.95,0.010123076923076924
Al01_Degrader,52.05,0.009415384615384615
Al01_Degrader,52.150000000000006,0.00843153846153846
Al01_Degrader,52.25,0.007256923076923077
Al01_Degrader,52.35000000000001,0.0061530769230769234
Al01_Degrader,52.45,0.005061538461538462
Al01_Degrader,52.55,0.004140769230769231
Al01_Degrader,52.650000000000006,0.0033076923076923075
Al01_Degrader,52.75,0.0024584615384615383
Al01_Degrader,52.85000000000001,0.001826923076923077
Al01_Degrader,52.95,0.001266923076923077
Al01_Degrader,53.05,0.0009084615384615384
Al01_Degrader,53.150000000000006,0.00059
Al01_Degrader,53.25,0.0003907692307692308
Al01_Degrader,53.35000000000001,0.00026076923076923076
Al01_Degrader,53.45,0.00013923076923076923
Al01_Degrader,53.55,9.23076923076923e-05
Al01_Degrader,53.650000000000006,6.384615384615385e-05
Al01_Degrader,53.75,2.153846153846154e-05
Al01_Degrader,53.85000000000001,1.769230769230769e-05
Al01_Degrader,53.95,1.1538461538461538e-05
Al01_Degrader,54.05,2.3076923076923077e-06
Al01_Degrader,54.150000000000006,2.3076923076923077e-06
Al01_Degrader,54.25,1.5384615384615385e-06
Fe02,41.95,3.3333333333333333e-06
Fe02,42.05,0.0
Fe02,42.150000000000006,6.666666666666667e-06
Fe02,42.25,1.6666666666666667e-05
Fe02,42.35000000000001,1.6666666666666667e-05
Fe02,42.45,3.6666666666666666e-05
Fe02,42.55,3.6666666666666666e-05
Fe02,42.650000000000006,0.00010333333333333333
Fe02,42.75,0.00019333333333333333
Fe02,42.85000000000001,0.00037
Fe02,42.95,0.0005833333333333334
Fe02,43.05,0.00113
Fe02,43.150000000000006,0.0017233333333333332
Fe02,43.25,0.0028966666666666667
Fe02,43.35000000000001,0.0041533333333333335
Fe02,43.45,0.0059433333333333335
Fe02,43.55,0.008303333333333333
Fe02,43.650000000000006,0.011313333333333333
Fe02,43.75,0.015106666666666666
Fe02,43.85000000000001,0.019783333333333333
Fe02,43.95,0.025036666666666665
Fe02,44.05,0.031173333333333334
Fe02,44.150000000000006,0.03736
Fe02,44.25,0.04348333333333333
Fe02,44.35000000000001,0.04992
Fe02,44.45,0.05534666666666667
Fe02,44.55,0.05924666666666667
Fe02,44.650000000000006,0.06281666666666667
Fe02,44.75,0.06467
Fe02,44.85000000000001,0.06412333333333334
Fe02,44.95,0.06363333333333333
Fe02,45.05,0.059713333333333334
Fe02,45.150000000000006,0.05523
Fe02,45.25,0.04994
Fe02,45.35000000000001,0.04348
Fe02,45.45,0.03719666666666667
Fe02,45.55,0.03126
Fe02,45.650000000000006,0.024976666666666668
Fe02,45.75,0.019286666666666667
Fe02,45.85000000000001,0.01497
Fe02,45.95,0.01091
Fe02,46.05,0.007806666666666667
Fe02,46.150000000000006,0.005716666666666667
Fe02,46.25,0.00384
Fe02,46.35000000000001,0.0026133333333333334
Fe02,46.45,0.0017333333333333333
Fe02,46.55,0.00109
Fe02,46.650000000000006,0.0007033333333333334
Fe02,46.75,0.0004533333333333333
Fe02,46.85000000000001,0.00024
Fe02,46.95,0.00012
Fe02,47.05,0.0001
Fe02,47.150000000000006,5e-05
Fe02,47.25,1.6666666666666667e-05
Fe02,47.35000000000001,1.3333333333333333e-05
Fe02,47.45,6.666666666666667e-06
Fe02,47.55,3.3333333333333333e-06
Al02Front,41.95,1e-05
Al02Front,42.05,3.3333333333333333e-06
Al02Front,42.150000000000006,1.6666666666666667e-05
Al02Front,42.25,2.3333333333333332e-05
Al02Front,42.35000000000001,3.3333333333333335e-05
Al02Front,42.45,7.666666666666667e-05
Al02Front,42.55,5.6666666666666664e-05
Al02Front,42.650000000000006,0.00026333333333333336
Al02Front,42.75,0.00044666666666666666
Al02Front,42.85000000000001,0.00076
Al02Front,42.95,0.00126
Al02Front,43.05,0.00233
Al02Front,43.150000000000006,0.0033066666666666665
Al02Front,43.25,0.005183333333333333
Al02Front,43.35000000000001,0.00705
Al02Front,43.45,0.009953333333333333
Al02Front,43.55,0.013116666666666667
Al02Front,43.650000000000006,0.01764
Al02Front,43.75,0.023386666666666667
Al02Front,43.85000000000001,0.029083333333333333
Al02Front,43.95,0.03508666666666667
Al02Front,44.05,0.04231666666666667
Al02Front,44.150000000000006,0.04855333333333333
Al02Front,44.25,0.05380666666666667
Al02Front,44.35000000000001,0.060456666666666665
Al02Front,44.45,0.06270333333333333
Al02Front,44.55,0.06397666666666667
Al02Front,44.650000000000006,0.06606
Al02Front,44.75,0.06650333333333333
Al02Front,44.85000000000001,0.061456666666666666
Al02Front,44.95,0.057646666666666666
Al02Front,45.05,0.051993333333333336
Al02Front,45.150000000000006,0.045323333333333334
Al02Front,45.25,0.03886
Al02Front,45.35000000000001,0.032896666666666664
Al02Front,45.45,0.025713333333333335
Al02Front,45.55,0.021203333333333334
Al02Front,45.650000000000006,0.015246666666666667
Al02Front,45.75,0.010856666666666667
Al02Front,45.85000000000001,0.008383333333333333
Al02Front,45.95,0.005753333333333333
Al02Front,46.05,0.004006666666666667
Al02Front,46.150000000000006,0.0027233333333333332
Al02Front,46.25,0.00163
Al02Front,46.35000000000001,0.0010933333333333333
Al02Front,46.45,0.0008466666666666667
Al02Front,46.55,0.00033666666666666665
Al02Front,46.650000000000006,0.00023333333333333333
Al02Front,46.75,0.00017666666666666666
Al02Front,46.85000000000001,9e-05
Al02Front,46.95,1.6666666666666667e-05
Al02Front,47.05,2.6666666666666667e-05
Al02Front,47.150000000000006,1.6666666666666667e-05
Al02Front,47.25,6.666666666666667e-06
Th02,41.75,3.3333333333333333e-06
Th02,41.85000000000001,3.3333333333333333e-06
Th02,41.95,1e-05
Th02,42.05,2e-05
Th02,42.150000000000006,2e-05
Th02,42.25,4.3333333333333334e-05
Th02,42.35000000000001,6e-05
Th02,42.45,0.00011333333333333333
Th02,42.55,0.00026
Th02,42.650000000000006,0.0004933333333333334
Th02,42.75,0.0008033333333333333
Th02,42.85000000000001,0.0013966666666666667
Th02,42.95,0.0023233333333333335
Th02,43.05,0.00361
Th02,43.150000000000006,0.005123333333333333
Th02,43.25,0.00734
Th02,43.35000000000001,0.009926666666666667
Th02,43.45,0.013536666666666667
Th02,43.55,0.01792
Th02,43.650000000000006,0.023403333333333335
Th02,43.75,0.02905
Th02,43.85000000000001,0.03538
Th02,43.95,0.04193
Th02,44.05,0.04818666666666667
Th02,44.150000000000006,0.05414
Th02,44.25,0.059226666666666664
Th02,44.35000000000001,0.062226666666666666
Th02,44.45,0.06414
Th02,44.55,0.06554666666666667
Th02,44.650000000000006,0.06494666666666667
Th02,44.75,0.06212666666666666
Th02,44.85000000000001,0.05701
Th02,44.95,0.051666666666666666
Th02,45.05,0.045783333333333336
Th02,45.150000000000006,0.03888666666666667
Th02,45.25,0.03258333333333333
Th02,45.35000000000001,0.026686666666666668
Th02,45.45,0.020716666666666668
Th02,45.55,0.01568
Th02,45.650000000000006,0.011576666666666667
Th02,45.75,0.008323333333333334
Th02,45.85000000000001,0.006006666666666667
Th02,45.95,0.004166666666666667
Th02,46.05,0.0028133333333333335
Th02,46.150000000000006,0.0017833333333333334
Th02,46.25,0.0011733333333333333
Th02,46.35000000000001,0.00079
Th02,46.45,0.00045
Th02,46.55,0.00024
Th02,46.650000000000006,0.00018
Th02,46.75,8.666666666666667e-05
Th02,46.85000000000001,4e-05
Th02,46.95,2e-05
Th02,47.05,1.6666666666666667e-05
Th02,47.150000000000006,1e-05
Al02Back,41.75,1e-05
Al02Back,41.85000000000001,6.666666666666667e-06
Al02Back,41.95,2.3333333333333332e-05
Al02Back,42.05,1.6666666666666667e-05
Al02Back,42.150000000000006,3.3333333333333335e-05
Al02Back,42.25,7.333333333333333e-05
Al02Back,42.35000000000001,6.666666666666667e-05
Al02Back,42.45,0.00025666666666666665
Al02Back,42.55,0.00047
Al02Back,42.650000000000006,0.0007633333333333333
Al02Back,42.75,0.0013133333333333332
Al02Back,42.85000000000001,0.00235
Al02Back,42.95,0.00334
Al02Back,43.05,0.005206666666666667
Al02Back,43.150000000000006,0.007016666666666667
Al02Back,43.25,0.010056666666666667
Al02Back,43.35000000000001,0.013066666666666667
Al02Back,43.45,0.017666666666666667
Al02Back,43.55,0.023373333333333333
Al02Back,43.650000000000006,0.02902
Al02Back,43.75,0.035006666666666665
Al02Back,43.85000000000001,0.04214333333333333
Al02Back,43.95,0.04844333333333333
Al02Back,44.05,0.05353
Al02Back,44.150000000000006,0.06030666666666667
Al02Back,44.25,0.06244333333333334
Al02Back,44.35000000000001,0.06363333333333333
Al02Back,44.45,0.06576333333333333
Al02Back,44.55,0.06646
Al02Back,44.650000000000006,0.061413333333333334
Al02Back,44.75,0.05754
Al02Back,44.85000000000001,0.05207333333333333
Al02Back,44.95,0.045456666666666666
Al02Back,45.05,0.039053333333333336
Al02Back,45.150000000000006,0.03292666666666667
Al02Back,45.25,0.02592
Al02Back,45.35000000000001,0.0214
Al02Back,45.45,0.015546666666666667
Al02Back,45.55,0.010833333333333334
Al02Back,45.650000000000006,0.00862
Al02Back,45.75,0.005876666666666666
Al02Back,45.85000000000001,0.004033333333333333
Al02Back,45.95,0.0028233333333333335
Al02Back,46.05,0.0016966666666666666
Al02Back,46.150000000000006,0.0011133333333333334
Al02Back,46.25,0.0008833333333333333
Al02Back,46.35000000000001,0.00034666666666666667
Al02Back,46.45,0.00023
Al02Back,46.55,0.00019333333333333333
Al02Back,46.650000000000006,9e-05
Al02Back,46.75,2e-05
Al02Back,46.85000000000001,2.6666666666666667e-05
Al02Back,46.95,1.6666666666666667e-05
Al02Back,47.05,6.666666666666667e-06
Cu02,41.35000000000001,3.3333333333333333e-06
Cu02,41.45,0.0
Cu02,41.55,6.666666666666667e-06
Cu02,41.650000000000006,1e-05
Cu02,41.75,1.6666666666666667e-05
Cu02,41.85000000000001,3.6666666666666666e-05
Cu02,41.95,3.3333333333333335e-05
Cu02,42.05,8e-05
Cu02,42.150000000000006,0.00016666666666666666
Cu02,42.25,0.00028
Cu02,42.35000000000001,0.0005033333333333333
Cu02,42.45,0.0009333333333333333
Cu02,42.55,0.0015066666666666666
Cu02,42.650000000000006,0.0024333333333333334
Cu02,42.75,0.0035066666666666666
Cu02,42.85000000000001,0.005376666666666667
Cu02,42.95,0.0071333333333333335
Cu02,43.05,0.009953333333333333
Cu02,43.150000000000006,0.013356666666666666
Cu02,43.25,0.017743333333333333
Cu02,43.35000000000001,0.02236
Cu02,43.45,0.02821
Cu02,43.55,0.03440666666666667
Cu02,43.650000000000006,0.040323333333333336
Cu02,43.75,0.046533333333333336
Cu02,43.85000000000001,0.05215
Cu02,43.95,0.05703
Cu02,44.05,0.06046666666666667
Cu02,44.150000000000006,0.06306333333333333
Cu02,44.25,0.06425333333333333
Cu02,44.35000000000001,0.06317666666666667
Cu02,44.45,0.06079333333333333
Cu02,44.55,0.05821666666666667
Cu02,44.650000000000006,0.05183666666666667
Cu02,44.75,0.04685
Cu02,44.85000000000001,0.04067333333333333
Cu02,44.95,0.03426
Cu02,45.05,0.028023333333333334
Cu02,45.150000000000006,0.02271
Cu02,45.25,0.017173333333333332
Cu02,45.35000000000001,0.01333
Cu02,45.45,0.009773333333333334
Cu02,45.55,0.006756666666666667
Cu02,45.650000000000006,0.004996666666666667
Cu02,45.75,0.0033566666666666667
Cu02,45.85000000000001,0.0022733333333333334
Cu02,45.95,0.00153
Cu02,46.05,0.0009266666666666667
Cu02,46.150000000000006,0.0006
Cu02,46.25,0.00039
Cu02,46.35000000000001,0.00021
Cu02,46.45,0.00011666666666666667
Cu02,46.55,7.666666666666667e-05
Cu02,46.650000000000006,4e-05
Cu02,46.75,1e-05
Cu02,46.85000000000001,1.6666666666666667e-05
Cu02,46.95,6.666666666666667e-06
Al02_Degrader,36.05,9.09090909090909e-07
Al02_Degrader,36.150000000000006,0.0
Al02_Degrader,36.25,9.09090909090909e-07
Al02_Degrader,36.35,2.7272727272727272e-06
Al02_Degrader,36.45,1.818181818181818e-06
Al02_Degrader,36.55,1.818181818181818e-06
Al02_Degrader,36.650000000000006,7.272727272727272e-06
Al02_Degrader,36.75,3.636363636363636e-06
Al02_Degrader,36.85,1.909090909090909e-05
Al02_Degrader,36.95,3.7272727272727276e-05
Al02_Degrader,37.05,4.545454545454545e-05
Al02_Degrader,37.150000000000006,8.272727272727273e-05
Al02_Degrader,37.25,0.00014
Al02_Degrader,37.35,0.00022818181818181818
Al02_Degrader,37.45,0.0003181818181818182
Al02_Degrader,37.55,0.00046272727272727275
Al02_Degrader,37.650000000000006,0.0006372727272727273
Al02_Degrader,37.75,0.0008909090909090909
Al02_Degrader,37.85,0.00115
Al02_Degrader,37.95,0.0015836363636363637
Al02_Degrader,38.05,0.002109090909090909
Al02_Degrader,38.150000000000006,0.0026645454545454546
Al02_Degrader,38.25,0.0033354545454545455
Al02_Degrader,38.35000000000001,0.004071818181818182
Al02_Degrader,38.45,0.00496
Al02_Degrader,38.55,0.0059809090909090906
Al02_Degrader,38.650000000000006,0.006844545454545455
Al02_Degrader,38.75,0.00805909090909091
Al02_Degrader,38.85000000000001,0.008950909090909091
Al02_Degrader,38.95,0.009924545454545455
Al02_Degrader,39.05,0.011058181818181818
Al02_Degrader,39.150000000000006,0.012122727272727273
Al02_Degrader,39.25,0.013296363636363636
Al02_Degrader,39.35000000000001,0.013606363636363637
Al02_Degrader,39.45,0.014439090909090908
Al02_Degrader,39.55,0.015243636363636364
Al02_Degrader,39.650000000000006,0.015724545454545453
Al02_Degrader,39.75,0.01640090909090909
Al02_Degrader,39.85000000000001,0.01658181818181818
Al02_Degrader,39.95,0.016725454545454547
Al02_Degrader,40.05,0.017124545454545455
Al02_Degrader,40.150000000000006,0.017293636363636365
Al02_Degrader,40.25,0.01757818181818182
Al02_Degrader,40.35000000000001,0.017609090909090908
Al02_Degrader,40.45,0.017522727272727273
Al02_Degrader,40.55,0.01770090909090909
Al02_Degrader,40.650000000000006,0.017793636363636362
Al02_Degrader,40.75,0.01791272727272727
Al02_Degrader,40.85000000000001,0.01800818181818182
Al02_Degrader,40.95,0.017803636363636365
Al02_Degrader,41.05,0.017807272727272727
Al02_Degrader,41.150000000000006,0.01807818181818182
Al02_Degrader,41.25,0.018093636363636364
Al02_Degrader,41.35000000000001,0.018228181818181817
Al02_Degrader,41.45,0.018012727272727274
Al02_Degrader,41.55,0.017932727272727274
Al02_Degrader,41.650000000000006,0.018231818181818182
Al02_Degrader,41.75,0.018298181818181818
Al02_Degrader,41.85000000000001,0.01839
Al02_Degrader,41.95,0.01818727272727273
Al02_Degrader,42.05,0.018103636363636363
Al02_Degrader,42.150000000000006,0.01843181818181818
Al02_Degrader,42.25,0.01844727272727273
Al02_Degrader,42.35000000000001,0.018552727272727273
Al02_Degrader,42.45,0.018327272727272727
Al02_Degrader,42.55,0.01835181818181818
Al02_Degrader,42.650000000000006,0.01850272727272727
Al02_Degrader,42.75,0.01859909090909091
Al02_Degrader,42.85000000000001,0.01853727272727273
Al02_Degrader,42.95,0.018262727272727274
Al02_Degrader,43.05,0.018411818181818182
Al02_Degrader,43.150000000000006,0.0182
Al02_Degrader,43.25,0.018195454545454546
Al02_Degrader,43.35000000000001,0.017834545454545454
Al02_Degrader,43.45,0.01743181818181818
Al02_Degrader,43.55,0.017063636363636364
Al02_Degrader,43.650000000000006,0.016386363636363636
Al02_Degrader,43.75,0.01598181818181818
Al02_Degrader,43.85000000000001,0.0148
Al02_Degrader,43.95,0.013862727272727273
Al02_Degrader,44.05,0.012957272727272727
Al02_Degrader,44.150000000000006,0.011676363636363636
Al02_Degrader,44.25,0.010542727272727273
Al02_Degrader,44.35000000000001,0.009177272727272727
Al02_Degrader,44.45,0.007821818181818182
Al02_Degrader,44.55,0.006849090909090909
Al02_Degrader,44.650000000000006,0.005491818181818182
Al02_Degrader,44.75,0.004497272727272727
Al02_Degrader,44.85000000000001,0.003590909090909091
Al02_Degrader,44.95,0.0027963636363636363
Al02_Degrader,45.05,0.0020845454545454544
Al02_Degrader,45.150000000000006,0.001510909090909091
Al02_Degrader,45.25,0.0010736363636363636
Al02_Degrader,45.35000000000001,0.0007972727272727273
Al02_Degrader,45.45,0.0005409090909090909
Al02_Degrader,45.55,0.0003581818181818182
Al02_Degrader,45.650000000000006,0.00024
Al02_Degrader,45.75,0.00014
Al02_Degrader,45.85000000000001,0.00010454545454545455
Al02_Degrader,45.95,6.818181818181818e-05
Al02_Degrader,46.05,2.5454545454545454e-05
Al02_Degrader,46.150000000000006,2.3636363636363637e-05
Al02_Degrader,46.25,1.2727272727272727e-05
Al02_Degrader,46.35000000000001,7.272727272727272e-06
Al02_Degrader,46.45,1.818181818181818e-06
Al02_Degrader,46.55,1.818181818181818e-06
Al02_Degrader,46.650000000000006,1.818181818181818e-06
Fe03,35.75,3.3333333333333333e-06
Fe03,35.85,6.666666666666667e-06
Fe03,35.95,3.3333333333333333e-06
Fe03,36.05,1.3333333333333333e-05
Fe03,36.150000000000006,1.3333333333333333e-05
Fe03,36.25,3.3333333333333335e-05
Fe03,36.35,3.6666666666666666e-05
Fe03,36.45,5.6666666666666664e-05
Fe03,36.55,0.00013333333333333334
Fe03,36.650000000000006,0.00021
Fe03,36.75,0.00037666666666666664
Fe03,36.85,0.0006066666666666667
Fe03,36.95,0.00103
Fe03,37.05,0.0015133333333333333
Fe03,37.150000000000006,0.0024333333333333334
Fe03,37.25,0.0031966666666666667
Fe03,37.35,0.004873333333333334
Fe03,37.45,0.006186666666666667
Fe03,37.55,0.008356666666666667
Fe03,37.650000000000006,0.011026666666666667
Fe03,37.75,0.014343333333333333
Fe03,37.85,0.017836666666666667
Fe03,37.95,0.02224
Fe03,38.05,0.02699
Fe03,38.150000000000006,0.032266666666666666
Fe03,38.25,0.037033333333333335
Fe03,38.35000000000001,0.041903333333333334
Fe03,38.45,0.046996666666666666
Fe03,38.55,0.05078666666666667
Fe03,38.650000000000006,0.05365
Fe03,38.75,0.056683333333333336
Fe03,38.85000000000001,0.05785666666666667
Fe03,38.95,0.05760666666666667
Fe03,39.05,0.05731666666666667
Fe03,39.150000000000006,0.05424
Fe03,39.25,0.05243333333333333
Fe03,39.35000000000001,0.04643
Fe03,39.45,0.04264333333333333
Fe03,39.55,0.03778666666666667
Fe03,39.650000000000006,0.0322
Fe03,39.75,0.027406666666666666
Fe03,39.85000000000001,0.022443333333333332
Fe03,39.95,0.017776666666666666
Fe03,40.05,0.014436666666666667
Fe03,40.150000000000006,0.01055
Fe03,40.25,0.008176666666666667
Fe03,40.35000000000001,0.00599
Fe03,40.45,0.004373333333333333
Fe03,40.55,0.00312
Fe03,40.650000000000006,0.00215
Fe03,40.75,0.0015133333333333333
Fe03,40.85000000000001,0.00098
Fe03,40.95,0.00065
Fe03,41.05,0.0004366666666666667
Fe03,41.150000000000006,0.00027
Fe03,41.25,0.00015
Fe03,41.35000000000001,0.00010333333333333333
Fe03,41.45,4.6666666666666665e-05
Fe03,41.55,4.3333333333333334e-05
Fe03,41.650000000000006,6.666666666666667e-06
Fe03,41.75,1.6666666666666667e-05
Fe03,41.85000000000001,3.3333333333333333e-06
Fe03,41.95,3.3333333333333333e-06
Al03Front,35.650000000000006,6.666666666666667e-06
Al03Front,35.75,3.3333333333333333e-06
Al03Front,35.85,1e-05
Al03Front,35.95,2.3333333333333332e-05
Al03Front,36.05,1.3333333333333333e-05
Al03Front,36.150000000000006,2.6666666666666667e-05
Al03Front,36.25,6.666666666666667e-05
Al03Front,36.35,4.6666666666666665e-05
Al03Front,36.45,0.00014
Al03Front,36.55,0.00034333333333333335
Al03Front,36.650000000000006,0.0004533333333333333
Al03Front,36.75,0.0007933333333333333
Al03Front,36.85,0.0012366666666666667
Al03Front,36.95,0.0021466666666666665
Al03Front,37.05,0.00287
Al03Front,37.150000000000006,0.0044
Al03Front,37.25,0.00567
Al03Front,37.35,0.007993333333333333
Al03Front,37.45,0.009963333333333333
Al03Front,37.55,0.012963333333333334
Al03Front,37.650000000000006,0.017336666666666667
Al03Front,37.75,0.021726666666666665
Al03Front,37.85,0.0263
Al03Front,37.95,0.03117
Al03Front,38.05,0.036673333333333336
Al03Front,38.150000000000006,0.04226
Al03Front,38.25,0.046323333333333334
Al03Front,38.35000000000001,0.05143
Al03Front,38.45,0.054983333333333335
Al03Front,38.55,0.05656666666666667
Al03Front,38.650000000000006,0.05801666666666667
Al03Front,38.75,0.058866666666666664
Al03Front,38.85000000000001,0.05974666666666666
Al03Front,38.95,0.05569
Al03Front,39.05,0.05224
Al03Front,39.150000000000006,0.04765666666666667
Al03Front,39.25,0.043493333333333335
Al03Front,39.35000000000001,0.03783333333333333
Al03Front,39.45,0.03320666666666667
Al03Front,39.55,0.02759
Al03Front,39.650000000000006,0.022273333333333332
Al03Front,39.75,0.01854
Al03Front,39.85000000000001,0.01391
Al03Front,39.95,0.009953333333333333
Al03Front,40.05,0.00817
Al03Front,40.150000000000006,0.00584
Al03Front,40.25,0.004056666666666667
Al03Front,40.35000000000001,0.003076666666666667
Al03Front,40.45,0.00211
Al03Front,40.55,0.0012133333333333334
Al03Front,40.650000000000006,0.0009566666666666666
Al03Front,40.75,0.0007533333333333333
Al03Front,40.85000000000001,0.0002866666666666667
Al03Front,40.95,0.00021333333333333333
Al03Front,41.05,0.00019
Al03Front,41.150000000000006,9.333333333333333e-05
Al03Front,41.25,2.3333333333333332e-05
Al03Front,41.35000000000001,2.6666666666666667e-05
Al03Front,41.45,1.3333333333333333e-05
Al03Front,41.55,2e-05
Th03,35.45,3.3333333333333333e-06
Th03,35.55,3.3333333333333333e-06
Th03,35.650000000000006,6.666666666666667e-06
Th03,35.75,1.3333333333333333e-05
Th03,35.85,2e-05
Th03,35.95,2.3333333333333332e-05
Th03,36.05,3.3333333333333335e-05
Th03,36.150000000000006,4.3333333333333334e-05
Th03,36.25,9.666666666666667e-05
Th03,36.35,0.0002
Th03,36.45,0.00034666666666666667
Th03,36.55,0.00056
Th03,36.650000000000006,0.00087
Th03,36.75,0.0015066666666666666
Th03,36.85,0.0022
Th03,36.95,0.0032733333333333334
Th03,37.05,0.004496666666666667
Th03,37.150000000000006,0.006223333333333333
Th03,37.25,0.008133333333333333
Th03,37.35,0.010606666666666667
Th03,37.45,0.01373
Th03,37.55,0.017816666666666668
Th03,37.650000000000006,0.02231
Th03,37.75,0.026983333333333335
Th03,37.85,0.03209
Th03,37.95,0.03722
Th03,38.05,0.04226
Th03,38.150000000000006,0.04719
Th03,38.25,0.051223333333333336
Th03,38.35000000000001,0.05448
Th03,38.45,0.05658
Th03,38.55,0.05779
Th03,38.650000000000006,0.05884
Th03,38.75,0.05794
Th03,38.85000000000001,0.05552
Th03,38.95,0.05148
Th03,39.05,0.047406666666666666
Th03,39.150000000000006,0.04237666666666667
Th03,39.25,0.03759666666666667
Th03,39.35000000000001,0.03240333333333333
Th03,39.45,0.027026666666666668
Th03,39.55,0.022356666666666667
Th03,39.650000000000006,0.017866666666666666
Th03,39.75,0.013656666666666666
Th03,39.85000000000001,0.010496666666666666
Th03,39.95,0.007733333333333333
Th03,40.05,0.005796666666666667
Th03,40.150000000000006,0.004186666666666667
Th03,40.25,0.0029733333333333335
Th03,40.35000000000001,0.00207
Th03,40.45,0.00137
Th03,40.55,0.00095
Th03,40.650000000000006,0.0006533333333333333
Th03,40.75,0.00039
Th03,40.85000000000001,0.00021333333333333333
Th03,40.95,0.00016
Th03,41.05,0.00010333333333333333
Th03,41.150000000000006,4.3333333333333334e-05
Th03,41.25,2e-05
Th03,41.35000000000001,2e-05
Th03,41.45,1e-05
Th03,41.55,6.666666666666667e-06
Al03Back,35.45,1e-05
Al03Back,35.55,0.0
Al03Back,35.650000000000006,1e-05
Al03Back,35.75,3e-05
Al03Back,35.85,2e-05
Al03Back,35.95,3.3333333333333335e-05
Al03Back,36.05,6e-05
Al03Back,36.150000000000006,5.333333333333333e-05
Al03Back,36.25,0.00021
Al03Back,36.35,0.00037666666666666664
Al03Back,36.45,0.0005333333333333334
Al03Back,36.55,0.0008833333333333333
Al03Back,36.650000000000006,0.00143
Al03Back,36.75,0.00243
Al03Back,36.85,0.00325
Al03Back,36.95,0.00463
Al03Back,37.05,0.00622
Al03Back,37.150000000000006,0.00852
Al03Back,37.25,0.010646666666666667
Al03Back,37.35,0.01399
Al03Back,37.45,0.018113333333333332
Al03Back,37.55,0.02276
Al03Back,37.650000000000006,0.027486666666666666
Al03Back,37.75,0.032323333333333336
Al03Back,37.85,0.03826
Al03Back,37.95,0.042866666666666664
Al03Back,38.05,0.04722
Al03Back,38.150000000000006,0.0526
Al03Back,38.25,0.055093333333333334
Al03Back,38.35000000000001,0.05633
Al03Back,38.45,0.058276666666666664
Al03Back,38.55,0.05881
Al03Back,38.650000000000006,0.05942
Al03Back,38.75,0.05401
Al03Back,38.85000000000001,0.05166
Al03Back,38.95,0.046906666666666666
Al03Back,39.05,0.041896666666666665
Al03Back,39.150000000000006,0.03677333333333333
Al03Back,39.25,0.03200666666666667
Al03Back,39.35000000000001,0.026383333333333335
Al03Back,39.45,0.021716666666666665
Al03Back,39.55,0.017373333333333334
Al03Back,39.650000000000006,0.01332
Al03Back,39.75,0.009516666666666666
Al03Back,39.85000000000001,0.007753333333333333
Al03Back,39.95,0.005496666666666667
Al03Back,40.05,0.003833333333333333
Al03Back,40.150000000000006,0.002926666666666667
Al03Back,40.25,0.0019366666666666666
Al03Back,40.35000000000001,0.0011566666666666667
Al03Back,40.45,0.00094
Al03Back,40.55,0.00068
Al03Back,40.650000000000006,0.00027
Al03Back,40.75,0.00021
Al03Back,40.85000000000001,0.00016666666666666666
Al03Back,40.95,9.333333333333333e-05
Al03Back,41.05,2e-05
Al03Back,41.150000000000006,2.3333333333333332e-05
Al03Back,41.25,1.3333333333333333e-05
Al03Back,41.35000000000001,2e-05
Cu03,35.05,3.3333333333333333e-06
Cu03,35.150000000000006,0.0
Cu03,35.25,6.666666666666667e-06
Cu03,35.35,1e-05
Cu03,35.45,1.3333333333333333e-05
Cu03,35.55,2.3333333333333332e-05
Cu03,35.650000000000006,3e-05
Cu03,35.75,4.3333333333333334e-05
Cu03,35.85,9e-05
Cu03,35.95,0.00016666666666666666
Cu03,36.05,0.00025666666666666665
Cu03,36.150000000000006,0.0004533333333333333
Cu03,36.25,0.0007733333333333333
Cu03,36.35,0.0012133333333333334
Cu03,36.45,0.0017666666666666666
Cu03,36.55,0.0026566666666666666
Cu03,36.650000000000006,0.003703333333333333
Cu03,36.75,0.00517
Cu03,36.85,0.00685
Cu03,36.95,0.009
Cu03,37.05,0.01168
Cu03,37.150000000000006,0.015183333333333333
Cu03,37.25,0.0188
Cu03,37.35,0.023136666666666666
Cu03,37.45,0.027846666666666665
Cu03,37.55,0.03273
Cu03,37.650000000000006,0.037586666666666664
Cu03,37.75,0.04259333333333333
Cu03,37.85,0.04686333333333333
Cu03,37.95,0.050813333333333335
Cu03,38.05,0.05338
Cu03,38.150000000000006,0.05593
Cu03,38.25,0.05755
Cu03,38.35000000000001,0.05637333333333333
Cu03,38.45,0.056543333333333334
Cu03,38.55,0.05340333333333333
Cu03,38.650000000000006,0.05103666666666667
Cu03,38.75,0.045586666666666664
Cu03,38.85000000000001,0.042063333333333335
Cu03,38.95,0.036783333333333335
Cu03,39.05,0.031566666666666666
Cu03,39.150000000000006,0.027073333333333335
Cu03,39.25,0.022176666666666667
Cu03,39.35000000000001,0.017623333333333335
Cu03,39.45,0.014393333333333333
Cu03,39.55,0.010573333333333334
Cu03,39.650000000000006,0.008283333333333334
Cu03,39.75,0.005896666666666666
Cu03,39.85000000000001,0.00449
Cu03,39.95,0.0031433333333333335
Cu03,40.05,0.0022533333333333333
Cu03,40.150000000000006,0.0015533333333333334
Cu03,40.25,0.0010133333333333333
Cu03,40.35000000000001,0.0006733333333333333
Cu03,40.45,0.0004566666666666667
Cu03,40.55,0.0003133333333333333
Cu03,40.650000000000006,0.00015333333333333334
Cu03,40.75,0.00010666666666666667
Cu03,40.85000000000001,6.666666666666667e-05
Cu03,40.95,4.3333333333333334e-05
Cu03,41.05,1e-05
Cu03,41.150000000000006,1.3333333333333333e-05
Cu03,41.25,3.3333333333333333e-06
Cu03,41.35000000000001,6.666666666666667e-06
Al03_Degrader,33.55,2.5e-06
Al03_Degrader,33.650000000000006,0.0
Al03_Degrader,33.75,2.5e-06
Al03_Degrader,33.85,7.5e-06
Al03_Degrader,33.95,5e-06
Al03_Degrader,34.05,1.25e-05
Al03_Degrader,34.150000000000006,1.5e-05
Al03_Degrader,34.25,1.25e-05
Al03_Degrader,34.35,6e-05
Al03_Degrader,34.45,9.75e-05
Al03_Degrader,34.55,0.000125
Al03_Degrader,34.650000000000006,0.00022
Al03_Degrader,34.75,0.0003275
Al03_Degrader,34.85,0.00061
Al03_Degrader,34.95,0.0007775
Al03_Degrader,35.05,0.00119
Al03_Degrader,35.150000000000006,0.00154
Al03_Degrader,35.25,0.0022075
Al03_Degrader,35.35,0.002945
Al03_Degrader,35.45,0.003755
Al03_Degrader,35.55,0.0050625
Al03_Degrader,35.650000000000006,0.0065025
Al03_Degrader,35.75,0.008345
Al03_Degrader,35.85,0.0099725
Al03_Degrader,35.95,0.0119025
Al03_Degrader,36.05,0.01513
Al03_Degrader,36.150000000000006,0.01741
Al03_Degrader,36.25,0.020105
Al03_Degrader,36.35,0.0231925
Al03_Degrader,36.45,0.0258075
Al03_Degrader,36.55,0.028875
Al03_Degrader,36.650000000000006,0.031955
Al03_Degrader,36.75,0.03472
Al03_Degrader,36.85,0.037555
Al03_Degrader,36.95,0.03877
Al03_Degrader,37.05,0.041015
Al03_Degrader,37.150000000000006,0.0424625
Al03_Degrader,37.25,0.0436875
Al03_Degrader,37.35,0.0447175
Al03_Degrader,37.45,0.0439775
Al03_Degrader,37.55,0.0436825
Al03_Degrader,37.650000000000006,0.0427975
Al03_Degrader,37.75,0.0421625
Al03_Degrader,37.85,0.039785
Al03_Degrader,37.95,0.03727
Al03_Degrader,38.05,0.0346
Al03_Degrader,38.150000000000006,0.03269
Al03_Degrader,38.25,0.0296675
Al03_Degrader,38.35000000000001,0.0261725
Al03_Degrader,38.45,0.02316
Al03_Degrader,38.55,0.0199975
Al03_Degrader,38.650000000000006,0.0172925
Al03_Degrader,38.75,0.0142525
Al03_Degrader,38.85000000000001,0.012065
Al03_Degrader,38.95,0.0096175
Al03_Degrader,39.05,0.0075025
Al03_Degrader,39.150000000000006,0.00616
Al03_Degrader,39.25,0.0045325
Al03_Degrader,39.35000000000001,0.0032375
Al03_Degrader,39.45,0.002545
Al03_Degrader,39.55,0.001755
Al03_Degrader,39.650000000000006,0.0013175
Al03_Degrader,39.75,0.0009225
Al03_Degrader,39.85000000000001,0.0006125
Al03_Degrader,39.95,0.0003725
Al03_Degrader,40.05,0.0002825
Al03_Degrader,40.150000000000006,0.00022
Al03_Degrader,40.25,8.5e-05
Al03_Degrader,40.35000000000001,5.75e-05
Al03_Degrader,40.45,5.25e-05
Al03_Degrader,40.55,3e-05
Al03_Degrader,40.650000000000006,1e-05
Al03_Degrader,40.75,5e-06
Al03_Degrader,40.85000000000001,5e-06
Al03_Degrader,40.95,5e-06
Al03b_Degrader,31.950000000000003,2.5e-06
Al03b_Degrader,32.05,0.0
Al03b_Degrader,32.150000000000006,2.5e-06
Al03b_Degrader,32.25,7.5e-06
Al03b_Degrader,32.35,2.5e-06
Al03b_Degrader,32.45,1e-05
Al03b_Degrader,32.55,1.5e-05
Al03b_Degrader,32.650000000000006,1.25e-05
Al03b_Degrader,32.75,2.75e-05
Al03b_Degrader,32.85,8.25e-05
Al03b_Degrader,32.95,9.25e-05
Al03b_Degrader,33.05,0.0001575
Al03b_Degrader,33.150000000000006,0.0002425
Al03b_Degrader,33.25,0.000375
Al03b_Degrader,33.35,0.0006325
Al03b_Degrader,33.45,0.000835
Al03b_Degrader,33.55,0.0012175
Al03b_Degrader,33.650000000000006,0.0016075
Al03b_Degrader,33.75,0.00221
Al03b_Degrader,33.85,0.0029325
Al03b_Degrader,33.95,0.0036525
Al03b_Degrader,34.05,0.00502
Al03b_Degrader,34.150000000000006,0.006285
Al03b_Degrader,34.25,0.0079825
Al03b_Degrader,34.35,0.0095475
Al03b_Degrader,34.45,0.0114425
Al03b_Degrader,34.55,0.0141675
Al03b_Degrader,34.650000000000006,0.016485
Al03b_Degrader,34.75,0.018955
Al03b_Degrader,34.85,0.021745
Al03b_Degrader,34.95,0.0243
Al03b_Degrader,35.05,0.0273575
Al03b_Degrader,35.150000000000006,0.029845
Al03b_Degrader,35.25,0.0326075
Al03b_Degrader,35.35,0.0354775
Al03b_Degrader,35.45,0.0370125
Al03b_Degrader,35.55,0.0390625
Al03b_Degrader,35.650000000000006,0.0402775
Al03b_Degrader,35.75,0.0421075
Al03b_Degrader,35.85,0.0430825
Al03b_Degrader,35.95,0.0427
Al03b_Degrader,36.05,0.0426975
Al03b_Degrader,36.150000000000006,0.04184
Al03b_Degrader,36.25,0.041485
Al03b_Degrader,36.35,0.0404025
Al03b_Degrader,36.45,0.037875
Al03b_Degrader,36.55,0.03548
Al03b_Degrader,36.650000000000006,0.03316
Al03b_Degrader,36.75,0.0312575
Al03b_Degrader,36.85,0.0282425
Al03b_Degrader,36.95,0.0249425
Al03b_Degrader,37.05,0.022225
Al03b_Degrader,37.150000000000006,0.0191975
Al03b_Degrader,37.25,0.0165875
Al03b_Degrader,37.35,0.0138
Al03b_Degrader,37.45,0.01166
Al03b_Degrader,37.55,0.00945
Al03b_Degrader,37.650000000000006,0.0074325
Al03b_Degrader,37.75,0.006115
Al03b_Degrader,37.85,0.004555
Al03b_Degrader,37.95,0.0033275
Al03b_Degrader,38.05,0.00249
Al03b_Degrader,38.150000000000006,0.00193
Al03b_Degrader,38.25,0.0013275
Al03b_Degrader,38.35000000000001,0.001
Al03b_Degrader,38.45,0.0006675
Al03b_Degrader,38.55,0.00041
Al03b_Degrader,38.650000000000006,0.0003
Al03b_Degrader,38.75,0.0002425
Al03b_Degrader,38.85000000000001,0.000135
Al03b_Degrader,38.95,5.75e-05
Al03b_Degrader,39.05,5.5e-05
Al03b_Degrader,39.150000000000006,3.75e-05
Al03b_Degrader,39.25,2e-05
Al03b_Degrader,39.35000000000001,5e-06
Al03b_Degrader,39.45,5e-06
Al03b_Degrader,39.55,2.5e-06
Al03b_Degrader,39.650000000000006,5e-06
Fe04,31.55,3.3333333333333333e-06
Fe04,31.650000000000002,0.0
Fe04,31.75,6.666666666666667e-06
Fe04,31.85,1e-05
Fe04,31.950000000000003,1.3333333333333333e-05
Fe04,32.05,1.6666666666666667e-05
Fe04,32.150000000000006,2.6666666666666667e-05
Fe04,32.25,3.3333333333333335e-05
Fe04,32.35,5.333333333333333e-05
Fe04,32.45,0.00013333333333333334
Fe04,32.55,0.00016666666666666666
Fe04,32.650000000000006,0.0003133333333333333
Fe04,32.75,0.00044333333333333334
Fe04,32.85,0.0007666666666666667
Fe04,32.95,0.0011666666666666668
Fe04,33.05,0.0016233333333333334
Fe04,33.150000000000006,0.00247
Fe04,33.25,0.00323
Fe04,33.35,0.004606666666666667
Fe04,33.45,0.00583
Fe04,33.55,0.007676666666666667
Fe04,33.650000000000006,0.009826666666666666
Fe04,33.75,0.012533333333333334
Fe04,33.85,0.01553
Fe04,33.95,0.018713333333333332
Fe04,34.05,0.02294
Fe04,34.150000000000006,0.027076666666666666
Fe04,34.25,0.03140333333333333
Fe04,34.35,0.035436666666666665
Fe04,34.45,0.0398
Fe04,34.55,0.043686666666666665
Fe04,34.650000000000006,0.04718
Fe04,34.75,0.04937333333333333
Fe04,34.85,0.05201
Fe04,34.95,0.053233333333333334
Fe04,35.05,0.05354333333333333
Fe04,35.150000000000006,0.05263
Fe04,35.25,0.05146333333333333
Fe04,35.35,0.049273333333333336
Fe04,35.45,0.04563
Fe04,35.55,0.04211
Fe04,35.650000000000006,0.03766
Fe04,35.75,0.03384
Fe04,35.85,0.029013333333333332
Fe04,35.95,0.02505
Fe04,36.05,0.02071
Fe04,36.150000000000006,0.01688
Fe04,36.25,0.013653333333333333
Fe04,36.35,0.01064
Fe04,36.45,0.008243333333333333
Fe04,36.55,0.006206666666666667
Fe04,36.650000000000006,0.00472
Fe04,36.75,0.0034133333333333333
Fe04,36.85,0.002513333333333333
Fe04,36.95,0.0017733333333333334
Fe04,37.05,0.0012466666666666668
Fe04,37.150000000000006,0.00083
Fe04,37.25,0.0005733333333333334
Fe04,37.35,0.00041
Fe04,37.45,0.00026333333333333336
Fe04,37.55,0.00012666666666666666
Fe04,37.650000000000006,0.00011
Fe04,37.75,6.333333333333333e-05
Fe04,37.85,3.6666666666666666e-05
Fe04,37.95,1.3333333333333333e-05
Fe04,38.05,1.6666666666666667e-05
Fe04,38.150000000000006,3.3333333333333333e-06
Fe04,38.25,6.666666666666667e-06
Al04Front,31.450000000000003,3.3333333333333333e-06
Al04Front,31.55,6.666666666666667e-06
Al04Front,31.650000000000002,3.3333333333333333e-06
Al04Front,31.75,1e-05
Al04Front,31.85,2.6666666666666667e-05
Al04Front,31.950000000000003,2e-05
Al04Front,32.05,3e-05
Al04Front,32.150000000000006,5.6666666666666664e-05
Al04Front,32.25,4.3333333333333334e-05
Al04Front,32.35,0.00013333333333333334
Al04Front,32.45,0.00031666666666666665
Al04Front,32.55,0.00039
Al04Front,32.650000000000006,0.0006433333333333333
Al04Front,32.75,0.0009466666666666666
Al04Front,32.85,0.0015866666666666666
Al04Front,32.95,0.0023033333333333334
Al04Front,33.05,0.0032433333333333333
Al04Front,33.150000000000006,0.004266666666666667
Al04Front,33.25,0.005673333333333333
Al04Front,33.35,0.007636666666666667
Al04Front,33.45,0.009356666666666666
Al04Front,33.55,0.01188
Al04Front,33.650000000000006,0.01557
Al04Front,33.75,0.019376666666666667
Al04Front,33.85,0.023116666666666667
Al04Front,33.95,0.026716666666666666
Al04Front,34.05,0.03121
Al04Front,34.150000000000006,0.0369
Al04Front,34.25,0.04052666666666667
Al04Front,34.35,0.04392666666666667
Al04Front,34.45,0.04879666666666667
Al04Front,34.55,0.05084
Al04Front,34.650000000000006,0.052066666666666664
Al04Front,34.75,0.05339666666666667
Al04Front,34.85,0.05430666666666667
Al04Front,34.95,0.055176666666666666
Al04Front,35.05,0.05234333333333333
Al04Front,35.150000000000006,0.04881666666666667
Al04Front,35.25,0.045476666666666665
Al04Front,35.35,0.04276
Al04Front,35.45,0.03739666666666667
Al04Front,35.55,0.03307
Al04Front,35.650000000000006,0.028856666666666666
Al04Front,35.75,0.024136666666666667
Al04Front,35.85,0.020083333333333335
Al04Front,35.95,0.016596666666666666
Al04Front,36.05,0.012806666666666666
Al04Front,36.150000000000006,0.00944
Al04Front,36.25,0.00762
Al04Front,36.35,0.00587
Al04Front,36.45,0.004183333333333333
Al04Front,36.55,0.0031166666666666665
Al04Front,36.650000000000006,0.0022966666666666665
Al04Front,36.75,0.0014766666666666667
Al04Front,36.85,0.0009666666666666667
Al04Front,36.95,0.0008533333333333333
Al04Front,37.05,0.0005733333333333334
Al04Front,37.150000000000006,0.00021333333333333333
Al04Front,37.25,0.00019666666666666666
Al04Front,37.35,0.00017333333333333334
Al04Front,37.45,8.666666666666667e-05
Al04Front,37.55,2.6666666666666667e-05
Al04Front,37.650000000000006,2e-05
Al04Front,37.75,2e-05
Al04Front,37.85,1.3333333333333333e-05
Al04Front,37.95,6.666666666666667e-06
Th04,31.25,3.3333333333333333e-06
Th04,31.35,3.3333333333333333e-06
Th04,31.450000000000003,6.666666666666667e-06
Th04,31.55,1e-05
Th04,31.650000000000002,1e-05
Th04,31.75,1.6666666666666667e-05
Th04,31.85,3e-05
Th04,31.950000000000003,4e-05
Th04,32.05,5e-05
Th04,32.150000000000006,9.666666666666667e-05
Th04,32.25,0.0002
Th04,32.35,0.00031
Th04,32.45,0.0005133333333333333
Th04,32.55,0.0007466666666666666
Th04,32.650000000000006,0.0011666666666666668
Th04,32.75,0.0017366666666666667
Th04,32.85,0.00266
Th04,32.95,0.0035433333333333332
Th04,33.05,0.004653333333333333
Th04,33.150000000000006,0.006203333333333333
Th04,33.25,0.007993333333333333
Th04,33.35,0.010203333333333333
Th04,33.45,0.012906666666666667
Th04,33.55,0.016263333333333335
Th04,33.650000000000006,0.020313333333333333
Th04,33.75,0.023993333333333332
Th04,33.85,0.027836666666666666
Th04,33.95,0.032606666666666666
Th04,34.05,0.03692
Th04,34.150000000000006,0.04124666666666667
Th04,34.25,0.04516666666666667
Th04,34.35,0.0483
Th04,34.45,0.05081
Th04,34.55,0.052406666666666664
Th04,34.650000000000006,0.05311
Th04,34.75,0.05424333333333333
Th04,34.85,0.05337666666666667
Th04,34.95,0.05153
Th04,35.05,0.048086666666666666
Th04,35.150000000000006,0.04496
Th04,35.25,0.040966666666666665
Th04,35.35,0.03703666666666667
Th04,35.45,0.03222333333333333
Th04,35.55,0.02782
Th04,35.650000000000006,0.02365
Th04,35.75,0.019473333333333332
Th04,35.85,0.015873333333333333
Th04,35.95,0.012273333333333334
Th04,36.05,0.009606666666666666
Th04,36.150000000000006,0.007253333333333333
Th04,36.25,0.005633333333333333
Th04,36.35,0.00413
Th04,36.45,0.003033333333333333
Th04,36.55,0.0021566666666666665
Th04,36.650000000000006,0.00148
Th04,36.75,0.00104
Th04,36.85,0.00075
Th04,36.95,0.0005266666666666667
Th04,37.05,0.0002933333333333333
Th04,37.150000000000006,0.00017666666666666666
Th04,37.25,0.00015
Th04,37.35,8.666666666666667e-05
Th04,37.45,3.6666666666666666e-05
Th04,37.55,1.6666666666666667e-05
Th04,37.650000000000006,2e-05
Th04,37.75,1.3333333333333333e-05
Th04,37.85,6.666666666666667e-06
Al04Back,31.25,1e-05
Al04Back,31.35,0.0
Al04Back,31.450000000000003,1e-05
Al04Back,31.55,2.6666666666666667e-05
Al04Back,31.650000000000002,6.666666666666667e-06
Al04Back,31.75,2.3333333333333332e-05
Al04Back,31.85,6e-05
Al04Back,31.950000000000003,4.3333333333333334e-05
Al04Back,32.05,7.333333333333333e-05
Al04Back,32.150000000000006,0.00022
Al04Back,32.25,0.00035666666666666664
Al04Back,32.35,0.0004966666666666666
Al04Back,32.45,0.0007733333333333333
Al04Back,32.55,0.0012533333333333333
Al04Back,32.650000000000006,0.0019733333333333334
Al04Back,32.75,0.0025666666666666667
Al04Back,32.85,0.0039033333333333333
Al04Back,32.95,0.004763333333333333
Al04Back,33.05,0.006493333333333334
Al04Back,33.150000000000006,0.008456666666666666
Al04Back,33.25,0.01046
Al04Back,33.35,0.013513333333333334
Al04Back,33.45,0.016816666666666667
Al04Back,33.55,0.020886666666666668
Al04Back,33.650000000000006,0.024873333333333334
Al04Back,33.75,0.02879
Al04Back,33.85,0.033446666666666666
Al04Back,33.95,0.03829333333333333
Al04Back,34.05,0.041743333333333334
Al04Back,34.150000000000006,0.04569
Al04Back,34.25,0.049916666666666665
Al04Back,34.35,0.05128666666666667
Al04Back,34.45,0.05171666666666667
Al04Back,34.55,0.054163333333333334
Al04Back,34.650000000000006,0.05412666666666666
Al04Back,34.75,0.05472333333333333
Al04Back,34.85,0.04987
Al04Back,34.95,0.048043333333333334
Al04Back,35.05,0.043616666666666665
Al04Back,35.150000000000006,0.040793333333333334
Al04Back,35.25,0.03546
Al04Back,35.35,0.03158
Al04Back,35.45,0.02722
Al04Back,35.55,0.022316666666666665
Al04Back,35.650000000000006,0.019043333333333332
Al04Back,35.75,0.01475
Al04Back,35.85,0.011763333333333334
Al04Back,35.95,0.008556666666666667
Al04Back,36.05,0.007176666666666666
Al04Back,36.150000000000006,0.00515
Al04Back,36.25,0.00369
Al04Back,36.35,0.0028966666666666667
Al04Back,36.45,0.00206
Al04Back,36.55,0.0012466666666666668
Al04Back,36.650000000000006,0.0009133333333333334
Al04Back,36.75,0.00079
Al04Back,36.85,0.00042666666666666667
Al04Back,36.95,0.00020333333333333333
Al04Back,37.05,0.00019333333333333333
Al04Back,37.150000000000006,0.00013666666666666666
Al04Back,37.25,7.666666666666667e-05
Al04Back,37.35,1.3333333333333333e-05
Al04Back,37.45,2.3333333333333332e-05
Al04Back,37.55,1.3333333333333333e-05
Al04Back,37.650000000000006,2e-05
Cu04,30.85,3.3333333333333333e-06
Cu04,30.950000000000003,0.0
Cu04,31.05,6.666666666666667e-06
Cu04,31.150000000000002,1e-05
Cu04,31.25,1.3333333333333333e-05
Cu04,31.35,2e-05
Cu04,31.450000000000003,2.6666666666666667e-05
Cu04,31.55,3.3333333333333335e-05
Cu04,31.650000000000002,6.666666666666667e-05
Cu04,31.75,0.00012
Cu04,31.85,0.00018
Cu04,31.950000000000003,0.00033
Cu04,32.05,0.00044333333333333334
Cu04,32.150000000000006,0.0007333333333333333
Cu04,32.25,0.00117
Cu04,32.35,0.0016566666666666667
Cu04,32.45,0.00239
Cu04,32.55,0.0031166666666666665
Cu04,32.650000000000006,0.00452
Cu04,32.75,0.005576666666666666
Cu04,32.85,0.0075
Cu04,32.95,0.009293333333333334
Cu04,33.05,0.011983333333333334
Cu04,33.150000000000006,0.01483
Cu04,33.25,0.018073333333333334
Cu04,33.35,0.02186
Cu04,33.45,0.02586
Cu04,33.55,0.03
Cu04,33.650000000000006,0.03402
Cu04,33.75,0.03822
Cu04,33.85,0.042256666666666665
Cu04,33.95,0.04543333333333333
Cu04,34.05,0.047893333333333336
Cu04,34.150000000000006,0.050633333333333336
Cu04,34.25,0.05192
Cu04,34.35,0.05331333333333333
Cu04,34.45,0.051443333333333334
Cu04,34.55,0.05195333333333333
Cu04,34.650000000000006,0.04874666666666667
Cu04,34.75,0.046933333333333334
Cu04,34.85,0.04238
Cu04,34.95,0.03913333333333333
Cu04,35.05,0.034903333333333335
Cu04,35.150000000000006,0.030543333333333332
Cu04,35.25,0.02671
Cu04,35.35,0.022306666666666666
Cu04,35.45,0.018796666666666666
Cu04,35.55,0.014676666666666666
Cu04,35.650000000000006,0.012203333333333333
Cu04,35.75,0.009196666666666667
Cu04,35.85,0.0071333333333333335
Cu04,35.95,0.0054466666666666665
Cu04,36.05,0.0041266666666666665
Cu04,36.150000000000006,0.0029866666666666665
Cu04,36.25,0.002086666666666667
Cu04,36.35,0.00159
Cu04,36.45,0.0011066666666666666
Cu04,36.55,0.0007
Cu04,36.650000000000006,0.00048666666666666666
Cu04,36.75,0.0003733333333333333
Cu04,36.85,0.0002
Cu04,36.95,0.00011
Cu04,37.05,0.00010333333333333333
Cu04,37.150000000000006,4.6666666666666665e-05
Cu04,37.25,3.6666666666666666e-05
Cu04,37.35,1e-05
Cu04,37.45,1.3333333333333333e-05
Cu04,37.55,3.3333333333333333e-06
Cu04,37.650000000000006,6.666666666666667e-06
